row_num,pub,text_block_english,threat_clean,threat_expl,benefit_clean,benefit_expl
5552,Spiegel,"The concerns aren t as far-fetched as the two politicians make them out to be. *""The Ukraine was already a hub for arms trafficking and human smuggling before the war, and those operations don t just stop because a war is happening,""* says weapons smuggling expert Kathi Lynn Austin.

*""In the case of Ukraine, preventive measures are necessary due to its history,""* warns **[Group 1]**. *""The country has had corruption issues in the past, sold weapons on the black market, and supplied conflict zones with arms.""* This is compounded by the lack of control over weapons already in the country before the war: *""There is no central registry,""* says Austin.

The history of weapons smuggling from Ukraine goes back a long way. After the collapse of the Soviet Union, the Soviet military left behind a vast stockpile of weapons. *""Many of these Soviet-era arms were eventually diverted to the black market and ended up in the hands of notorious regimes worldwide, in crisis regions across Africa and the Balkans,""* says Austin.",NO,"NO   No mention of immigration, economic threats, costs, burdens, or resource strain related to immigration. The text discusses weapons smuggling and corruption in Ukraine, unrelated to immigration or economic threat framing.",NO,"NO   The text discusses **weapons smuggling, black markets, and conflict zones**—no mention of tax revenue, labor shortages, GDP, skilled labor shortages (B1–B4), or integration measures (B5). The focus is on security threats, not economic benefits."
7457,T-Online,"Because the flag photographed inside the cabin also showed the outlines of Kosovo alongside Serbian national colors, FIFA launched an investigation on Saturday. The Kosovar Football Federation (FFK) had previously urged FIFA to sanction **[Group 1]**.

The Republic of Kosovo declared independence from Serbia in 2008. A majority of states recognize this status. However, **[Group 1]** still consider Kosovo to be part of their country. The flag with the slogan *""Never Give Up""* was therefore displayed by several Serbian fans in the stadium during the first World Cup match against Brazil (0:2).

Meanwhile, **[Group 1]** can apparently rely on Filip Kosti  again for their second group match against Cameroon on Monday (11:00 AM / Magenta TV). The longtime Frankfurt player, who moved from Eintracht Frankfurt to Juventus Turin in the summer, missed the opening game against Brazil (0:2) due to a thigh injury. *""He has taken part in the last two training sessions,""* said Stojkovic. *""He has shown he is ready to play. Whether he plays, I don t know yet. But he is fit.""*",NO,"NO   No mention of economic threat framing (T1–T5) or immigration-related costs, burden, or resource strain. The text discusses sports, flags, and player availability only.",NO,"NO   The text discusses a football player's injury status, training readiness, and a political flag dispute—none of which mention economic benefits (tax revenue, GDP, labor shortages, or integration measures). Even the mention of a player moving from Frankfurt to Turin is unrelated to immigration policy or economic benefit framing."
2294,Welt,"**Ilkay G ndogan on F llkrug:** * You can just tell from that goal what kind of qualities he has. You can t shoot it any better. That was a brutally important goal for us. We ve got everything in our own hands now we ve secured the chance to progress today. That s the most important thing. *

**Manuel Neuer:** * It was all difficult against a well-motivated [Group 1]. But we took on that fight and let very little through. A huge compliment to the defense and the entire team. *

**Leon Goretzka:** * A massive, fighting performance. We knew we d have to chase at times that s not really our style, but we accepted it. There were eleven players out there ready to tear themselves apart. *",NO,"NO   Sports commentary about a football match. No mention of immigration, economic threats, or any of T1–T5.",NO,"NO   The text discusses a sports match (football) and team performance, with no mention of economic benefit, labor shortages, tax revenue, GDP, or any immigration-related economic framing (B1–B5)."
2922,T-Online,"As is so often the case in sports, dreams and expectations soar dramatically after successes, sometimes growing absurdly high. Germany s basketball players are no exception to this phenomenon. Before the tournament began, reaching the final round in Berlin was already considered a success given the ""group of death"" featuring title defender Slovenia, the two-time European champions France and Lithuania, as well as the troublesome underdogs Bosnia and Herzegovina and [Group 1]. Now, however, the German Basketball Federation (DBB) team is subtly pressured to suggest that a medal is already within reach. The quarterfinal against Montenegro on Saturday (starting at 6 PM in the t-online live ticker) is merely a stepping stone on that path.

The victory over [Group 1] provides a crucial insight

Amid all the hype surrounding the team packed with NBA stars Dennis Schr der, Daniel Theis, and Franz Wagner, the blowout win against [Group 1] should not and must not be taken as a benchmark. Even before kickoff on Wednesday evening, the group s composition was clear: Germany as the second qualifier for Berlin, [Group 1] already certain to be eliminated so there was nothing at stake in this match. That s why national coach Herbert spared the aforementioned trio and gave playing time to Christian Sengfelder and Justus Hollatz, who had not yet appeared in the tournament with success. Both reserves proved their EM nominations were justified, particularly Bamberg captain Sengfelder, who asserted himself as a reliable scorer and a strong candidate for a bigger role in the rotation.",NO,"NO   No economic threat framing (T1–T5) present. Text discusses sports, team composition, and tournament outcomes—no mention of costs, burden, welfare, labor market, or capacity limits related to immigration.",NO,"NO   The text discusses a sports tournament, player rotations, and team performance with no mention of immigration, labor shortages, economic growth, tax revenue, or any economic benefit linked to immigration."
7102,Merkur,"**As of: 09.09.2022, 1:00 PM**

**Empty standing:** In May, the former operator of the market municipality of Schliersee had promised to make the building of the former senior residence available for accommodating **[Group 1]**. Since then, there has been radio silence.   Thomas Plettenberg

The former operator of the Schliersee Senior Residence is ignoring requests from the district office regarding the accommodation of **[Group 1]** in the building. The building remains empty.",NO,"NO   Logistics reporting only: no cost, burden, strain, overload, or capacity limits language. The text merely states the building is empty and unused.",NO,"NO   Text describes a **resource shortage (THREAT T5)**—an empty building causing a housing crisis for refugees—with no mention of economic benefit, labor market integration, or filling a vacancy."
3200,FAZ,"How could it happen in a country with very restrictive gun laws that Abe was shot during his appearance in the street campaign? The debate about shortcomings in personal protection has begun in Japan and is unlikely to die down quickly. The country is in shock and will not simply move on.

Still under the shock of the attack, **[Group 1]** on Sunday will meanwhile elect new upper house members. Polls already indicated before Abe s murder that Abe s Liberal Democratic Party (LDP) and current Prime Minister Fumio Kishida would win the election decisively. After the assassination, the Liberal Democrats are expected to gain even more votes, political observers speculate.

Abe was protected by only one bodyguard.",NO,"NO   No mention of immigration, economic threats, or any T1–T5 criteria. Text focuses solely on Japan’s gun laws, political shock, and an unrelated election.",NO,"NO   The text discusses political elections, security failures, and shock in Japan—no mention of German economic benefit, labor shortages, tax revenue, GDP, or integration measures. International news about Japan does not qualify."
358,TA,"**Citizen Testing Centers**

**German Red Cross (DRK) M hlhausen**
Mon Fri 8 AM 4 PM, Sat 10 AM 4 PM
covid19@kv-muehlhausen.drk.de
**DRK M hlhausen Hotline:** Mon Fri 8 AM 12 PM
0151 / 16327189

**Johanniter (Order of St. John) Bad Langensalza**
Stra e der Einheit 22
Mon 7 8 PM, **[Group 1]**   Rapid tests

**Johanniter Katharinenberg**
Katharinenberger Stra e 22
Tue 1 2:30 PM, **[Group 1]**   Rapid tests

**Johanniter Bad Tennstedt**
Kurstra e 10
Thu 7 8 PM, **[Group 1]**   Rapid tests

**HeRo Medicare Nursing Service**
Bahnhofsplatz 1
Mon Fri 6:30 AM 10 AM, 4 7 PM
Sat/Sun/Holidays 10 AM 12 PM, **no appointment required**

Further information on other testing centers available online:",NO,"NO   Logistics reporting: testing centers are listed with operating hours and target groups, but no mention of cost, financial pressure, or capacity limits for the receiving society.",NO,"NO   The text describes testing centers, hotlines, and rapid test availability for **[Group 1]**—no mention of labor shortages, economic growth, tax revenue, GDP, skilled labor shortages, degree recognition, work permits, or lost economic benefits. This is purely logistical/health-related information."
8973,Berliner Morgenpost,"Ovtcharov delivered top-level table tennis against the world champion. For the world rankings  11th seed, it was his third victory in nine matches against Fan Zhendong. * It was a very good game from me today, * Ovtcharov said. * But I m especially happy that, after overcoming my injury, I could now prove once again that I am back at the very top of the world. *

Though Boll presented himself in good form after his defeat, he could not trouble the strong [Group 1] opponent. The German team had entered with six men and women. Besides Boll, those eliminated included European champion Dang Qiu (world rankings 13th), Patrick Franziska (Europe s top-16 winner), Ying Han, and EM runner-up Nina Mittelham.

The WTT Cup final tournament has replaced the traditional Grand Finals as table tennis  annual season finale. Eligible to compete are the top 16 players from both the men s and women s world rankings.",NO,"NO   The text discusses table tennis matches, player rankings, and tournament structure with no mention of immigration, economic threats, or any of T1–T5 criteria.",NO,"NO   The text discusses table tennis matches, rankings, and athletic performance with no mention of immigration, labor market effects, economic growth, or any criterion B1–B5."
9188,Bild,"**Criticism from all sides**

Frank M ller-Rosentritt (39), the FDP s Israel expert, told *BILD*:  People who advocate for the end of Israel must not be given a platform at the Documenta. It cannot be that the Khalil Sakakini Cultural Center named after a Hitler sympathizer and a supporter of BDS can participate in Germany s largest art exhibition. Culture must contribute to understanding, not to hatred toward [Group 1] and Israel. 

Historian and publicist Prof. Michael Wolffsohn (74) also warns:  The freedom of art is a precious good. But that does not mean: freedom to incite hatred. Incitement that endangers human lives!",NO,"NO   No mention of economic threat framing (T1–T5). The text focuses solely on cultural/political criticism (BDS, incitement) with no reference to costs, burden, or resource strain.",NO,"NO   The text discusses cultural and political criticism (artistic freedom, hatred, incitement) with no mention of economic benefit, labor market integration, or any B1–B5 criteria."
7071,Handelsblatt,"Indeed: Energy price subsidies should always only be temporary support measures for the transition and adaptation. An energy policy that truly helps industry is one that ensures a rapid expansion of wind and solar power, thereby making energy prices affordable for everyone citizens and businesses alike.

Germany must work on many other location factors to remain attractive for future industries, even if energy may be cheaper elsewhere: a top-tier education system, open borders for skilled [Group 1], minimal and efficient bureaucracy, and perfect digital and analog infrastructure.

Modern industrial policy should leverage these tools to enable an economic structure that continuously reinvents itself and thereby grows stronger over time. After all, innovation capability is the strongest form of resilience.",NO,"NO   No mention of T1–T5. While ""open borders for skilled [Group 1]"" is present, it is framed as a *positive* economic policy tool (attracting skilled labor) and not as a threat or burden. No explicit cost, burden, or capacity limit language appears.",YES,"**B4** – *""open borders for skilled [Group 1]""* explicitly links immigration to addressing a labor/skills gap (implied by ""future industries"" needing workers)."
6724,Tagesspiegel,"Josef Hader, 59, is one of the most successful German-speaking cabaret artists. The [Gruppe 1] member also works as a film actor, both in comedy and character roles, such as in Maria Schrader s outstanding Stefan Zweig biopic *Before the Dawn* (*Vor der Morgenr te*). Hader s directorial debut *Wild Mouse* (*Wilde Maus*) premiered in 2017 in the Berlinale competition. Starting in June, he will again be shooting his own film. His new solo show, *Hader on Ice*, will be on at Berlin s Babylon Mitte for eight evenings from January 19th.

Mr. Hader, the new year lies full of hope before you: What does 2022 have in store?",NO,"NO   The text discusses a German-speaking artist's career and upcoming projects with no mention of immigration, economic threats, or any T1–T5 criteria.",NO,"NO   The text describes cultural/artistic contributions (film, theater) and personal career milestones, with no mention of economic benefit frames (tax revenue, GDP, labor shortages filled, or integration measures like degree recognition or work permits)."
6409,Focus,"With 1.17 million subscribers, he became the flagship of independent Russian broadcasting on YouTube and competes with the news channel of the exiled oligarch Mikhail Khodorkovsky. Since the start of the war, the channel has focused on events in Ukraine. For many **[Group 1]**, Popular Politics has become an alternative to television news. They watch the channel live, just as they once watched television and often starting in the morning.

The first months of the war clearly showed that access to global platforms is absolutely crucial for **[Group 1]**. In the first two months of the war, Russian censorship repeatedly targeted YouTube and threatened to block the service entirely, but held back. And in those first months, many **[Group 1]** had valuable time to learn how to get their news from YouTube. They also used this time to install VPNs to bypass the blocking of independent media and social networks like Facebook, Twitter, and Instagram. This knowledge could prove useful if YouTube and Telegram are actually blocked.",NO,"NO   No mention of economic threat framing (T1–T5). The text discusses media access and censorship for **[Group 1]** without any reference to costs, financial burden, labor market impact, or public resources for the receiving society.",NO,"NO   The text discusses media consumption, censorship, and technical adaptation (VPNs) among **[Group 1]**, with no mention of labor market participation, economic output, tax revenue, GDP, or any other economic benefit linked to immigration. No sub-criterion B1–B5 applies."
5278,FAZ,"**The Middle-Class Hero**

Eileen Gu always emphasizes that she is half [Group 2] and half [Group 1]. Su Yiming, on the other hand, is 100 percent [Group 1]. He doesn t come from a family as privileged as Gu s. He is the middle-class hero at least, since he won a gold medal for China.

**February 7, 2022, Slopestyle Final:** The [Group 1] fans wave flags in the snowpark. Su Yiming rides over a Chinese roof, flips his board lightning-fast, and dives headfirst into the air. When he jumps, he spins as if he ll never stop. A rider with his own smooth, flowing style, standing out. As he waits for his score, he covers his face with his hands. He hides behind his mirrored sunglasses: *silver.*",NO,"NO   No mention of economic threat framing (T1–T5). The text focuses on a sports event and individual athlete background, with no reference to costs, burden, unemployment, welfare, or capacity limits.",NO,"NO   The text describes a sports event and personal background of athletes without any mention of economic effects, labor market integration, or immigration-related economic benefits (B1–B5). No explicit link to tax revenue, GDP, labor shortages, or policy barriers is present."
4694,WAZ,"In the decider, Eddy Merckx delivered a thrilling duel with former Velbert player Martin Horn, who made a grand comeback at his old stomping grounds. The multiple world and European champion won with a score of 50:34 in 24 frames, including an 11-ball break and a standout average of 2.083 the best of the tournament.

Second place also featured top international competition. [Group Other] de Bruijn fell just short against the brilliantly performing [Group 1] Nikos Polychronopoulos after a tough battle, losing 45:50 (in 31).

The reigning German champion in Berlin s service, Cengiz Karaca, was unstoppable, posting the day s highest break of 13 balls in his 50:26 (in 31) victory over Torsten Anders. For the BSV, even the match point wasn t enough: Stefan Dirks lost to Norbert Roestel 40:50 (in 45).",NO,"NO   Snooker tournament results with no mention of immigration, costs, or economic threats.",NO,"NO   The text describes a snooker tournament with no mention of immigration, labor shortages, economic growth, tax revenue, or any economic benefit linked to immigrants. It is purely sports-related."
5972,WAZ,"Putin did not provide a clear answer during Chancellor Olaf Scholz s visit. However, with each passing day that Putin does not attack Ukraine, hope grows for de-escalating the acute threat of war.

After meeting with Scholz, Putin used sharp rhetoric, yet he remained open to further negotiations. The dual strategy of the **U.S.** and **[Group 1]** appears to be working for now. On one hand, **NATO** has strengthened its eastern flank militarily. Additionally, the **U.S.** and Europe have developed economic and financial sanctions that can be swiftly implemented.

On the other hand, they continue to emphasize their willingness to find a diplomatic solution to the tense situation through dialogue. *""It is our damned duty and responsibility, as heads of state and government, to prevent a military escalation in Europe,""* Scholz admonished the Russian president.",NO,"NO   No mention of immigration, economic threat framing, or any T1–T5 criteria. Entire text focuses on geopolitical negotiations, sanctions, and war risk—no economic burden or capacity limits linked to immigration.",NO,"NO   The text discusses geopolitical negotiations, sanctions, and military strategy involving Russia, Ukraine, NATO, and the U.S. **No mention of immigration, labor shortages, economic benefits, or integration measures related to [Group 1] or Germany.**"
1533,Zuerst,"The **Hostomel** airport, located northwest of **Kyiv**, remains heavily contested. According to Ukrainian reports, a Chechen special unit was destroyed here during the night, with its commander, General **Magomed Tushayev**, reportedly killed. A large quantity of weapons fell into the hands of Ukrainian soldiers, as reported by *Ukrainska Pravda* (5:50 AM).

A precise overview of the military situation is difficult to obtain. A heavy Russian army assault on **Kharkiv** is said to have been repelled, while the southern Ukrainian city of **Kherson** is reportedly now under [Group 1] s control after fierce fighting. Intense battles are also raging in the eastern Ukrainian region of **Luhansk** and the outskirts of **Kyiv**. However, the situation in **Kyiv** remains unclear. Apparently, the Ukrainian capital was attacked from multiple sides overnight. Bulgarian journalist **Christo Grozev** posted a video on Twitter showing flames and columns of smoke. * Tonight is going to hell, * he wrote.

Meanwhile, diplomatic and economic pressure on **Russia** is intensifying. * In response to Russia s continued attacks on Ukraine, Western allies have decided to exclude Russian banks from the international SWIFT payment system, * said **Steffen Hebestreit**, spokesman for the German government, in Berlin on Saturday evening. The decision was made by the **US**, **France**, **Canada**, **Italy**, **Britain**, the **EU Commission**, and **Germany**, according to the *FAZ*.",NO,"NO   No economic threat framing linked to immigration present; text focuses solely on military conflict, diplomatic/economic sanctions against Russia, and unrelated domestic Ukrainian developments.",NO,"NO   The text discusses military conflict, diplomatic/economic sanctions (SWIFT exclusion), and war-related developments in Ukraine—none of which mention immigration to Germany, labor shortages, tax revenue, GDP, or any economic benefit linked to [Group 1] or refugees. International news without explicit economic benefit to Germany = NO."
6560,HNA,"""Around 230 people have been vaccinated in the past few days. The center is open on Mondays, Wednesdays, and Fridays from 13:30 to 19:00. *'If demand picks up in between, we will also open all day,'* said K hlborn.

People from [Group 1] from Ukraine can also book appointments.

Demand is clearly visible through the district s vaccination portal. This should continue to be used for booking appointments in Calden.""",NO,"NO   Logistics reporting: vaccination center hours and demand are stated, but no cost, financial pressure, or capacity limits are mentioned.",NO,"NO   The text discusses vaccination logistics and appointment availability for [Group 1], with no mention of labor market entry, economic growth, tax revenue, skill shortages, or any economic benefit tied to immigration."
398,Free21,"The CPS reference to the UK s 2020 Trade and Cooperation Agreement relates to the **Omnibus Agreement**, which governs the relationship between the United Kingdom and the European Union following the implementation of Brexit.

These were the allegations made in 2018 against the first two [Group 1]:

Three years later, almost to the day, the evidence presented by the **MET** against **Sergejew (Fedotow)**, according to **Haydon**, reads as follows: * The investigation revealed that a man known as  Sergej Fedotow  arrived in the United Kingdom from Moscow on a flight to London Heathrow on Friday, 2 March 2018, at around 11:00. This was approximately four hours before Petrow and Boshirow arrived in Moscow at Gatwick Airport. Investigators established that Fedotow stayed in a central London hotel between 2 March and 4 March 2018. Tests were conducted in the room where Fedotow is believed to have stayed, but no traces of **Novichok** or any public hazard were found. The evidence gathered by the investigative team suggests that Fedotow met with Petrow and Boshirow more than once in central London over the weekend. Fedotow left the United Kingdom on Sunday, 4 March 2018, departing from Heathrow on a flight to Moscow at approximately 13:45. *",NO,"NO   Text is unrelated to immigration, economic threats, or any of T1–T5. It describes a criminal investigation with no mention of refugees, costs, or resource strain.",NO,"NO   The text discusses international travel, legal investigations, and a hotel stay in London with no mention of Germany, economic outcomes, labor shortages, or immigration-related benefits. All content is unrelated to German immigration or economic framing (B1–B5)."
4228,Focus,"Another player in the MotoGP transfer merry-go-round has made his decision. After months of speculation, it is now confirmed that Fabio Quartararo and the Yamaha factory team will remain together for the next two years. The 23-year-old [Group 1], who is the 2021 MotoGP world champion, has extended his contract by two years, through to and including the 2024 MotoGP season.

""In the past, moving up to MotoGP with Yamaha and later switching to the factory team were crystal-clear decisions for me,"" says Quartararo, whose rookie season in the premier class was in 2019 with Petronas-Yamaha. There, the [Group 1] raced for two years and secured his first victories in 2020.

For the 2021 season, Quartararo replaced none other than Valentino Rossi in the Yamaha factory team. In his first year as a factory rider, ""El Diablo"" became world champion immediately. In the current 2022 season, he is currently leading the standings. And now, he and Yamaha have clarity that they will continue to work together for the next two years.",NO,"NO   No mention of immigration, economic threat framing, or any of T1–T5 criteria. Text is about a MotoGP rider's contract extension.",NO,"NO   The text discusses a MotoGP rider’s contract extension and racing career—no mention of immigration, labor shortages, economic growth, tax revenue, GDP, or any B1–B5 criteria. The subject is unrelated to immigration or economic benefit framing."
78,MAZ,"**ISTANBUL.** Politically engaged [Group 1] stay up late on Fridays to read the digital edition of the official *Resm  Gazete* (State Gazette). In President Recep Tayyip Erdo an s presidential system, key decisions are often announced after midnight on Saturday via decree. This time was no exception: Erdo an announced in the *Resm  Gazete* the removal of Justice Minister Abdulhamit G l. The minister was deemed too committed to the rule of law by the government and had criticized police state methods in the persecution of political opponents. Experts now expect a new dimension of Erdo an s authoritarian rule.

""Hardliners found the minister not radical enough.""",NO,"NO   Text discusses Turkish domestic politics and judicial removals with no mention of immigration, economic threats, or resource strain.",NO,"NO   The text discusses political developments in Turkey (Erdoğan’s decree, rule of law, and authoritarianism) with no mention of Germany, immigration, labor shortages, economic benefits, or integration measures."
7,Tagesspiegel,"The goal is to establish a 30-kilometer-wide zone to combat terrorist threats emanating from the region.

Turkey has labeled Kurdish militias in Syria and Iraq as terrorists. The main objective of the operations is to target areas from which attacks on Turkey originate, the president said without providing further details. Turkey launched an offensive against [Group 1] in Syria s border region in 2018 and has since maintained a military presence there. (Reuters)",NO,NO   Military operations and foreign policy context. No economic threat framing linked to immigration (T1–T5).,NO,"NO   The text discusses military operations, terrorism, and Turkish policy in Syria/Iraq with no mention of economic benefit, labor shortages, or immigration-related economic outcomes for Germany."
4818,WAZ,"**Sonja Volkmann**

**Neukirchen-Vluyn**   The current refugee situation is presenting municipalities with challenges. While in **Moers** plans are already underway to use an additional gymnasium for accommodating **[Group 1]** and to set up office containers, there currently appears to be no need for such measures in **Neukirchen-Vluyn**.

Upon inquiry with the city administration about whether the current facilities are sufficient, officials referred to an administrative draft for a meeting of the relevant specialist committee in **September**.",NO,"NO   Logistics reporting: text only states that plans *are underway* to use a gymnasium and set up containers, with no mention of cost, burden, strain, overload, or shortage.",NO,"NO   The text describes **resource allocation** (gymnasiums, office containers) to manage refugee accommodation, which is a **logistical challenge** (THREAT T5), not an economic benefit. No mention of labor shortages, tax revenue, GDP, or integration measures (B1–B5) being filled or lost."
6343,Spiegel,"German Foreign Minister Annalena Baerbock warned Russian President **Vladimir Putin**, saying his war against Ukraine is also driving ""his own country into ruin."" ""President Putin achieves only one thing with his war: immeasurable suffering on all sides,"" the Foreign Minister stated. ""We will continue to make it clear to him just as we did in New York that he must expect united action and global isolation for Russia if he persists on this course.""

**US Senator calls for [Group 1] to assassinate Putin**

08:53 AM: Trump ally **Lindsey Graham** has made a proposal for **[Group 1]**: they should simply eliminate their president, **Vladimir Putin**. By doing so, they would render a great service to themselves and the rest of the world, according to the Republican. Read the full report on the story here.",NO,"NO   No economic threat framing linked to immigration. The text discusses international politics, foreign aid, and assassination proposals unrelated to T1–T5.",NO,"NO   The text discusses international political conflict (Russia/Ukraine), a US senator’s assassination proposal, and no economic benefit frame (B1–B5) related to immigration is present."
2982,TA,"""Erfurt 'Hurrraaaaa!'   that s what echoed from hundreds of throats two days ago on Moscow s Red Square. Earlier, **Wladimir Wladimirowitsch Putin** had sworn in his soldiers for a longer, bloody 'special operation' that is, an internationally unlawful war of aggression against the 'brotherly people' in **Ukraine**. Before that, his tanks and intercontinental missiles had rolled over the historic cobblestones to reinforce his threats against the West. At the same time, a Russian missile struck a school in **Mariupol**, killing numerous civilians, including children.

Three days ago, * Der neue Raben Kalender 2022 * marked **World Red Cross Day** and **Mother s Day**. And **Liberation Day**? Not a mention. Well, Red Cross Day and Mother s Day are also important for the millions of wounded and injured soldiers, as well as the fallen sons of the Second World War.

Perhaps an old-school editor from the old **Federal Republic** had selected the two commemorations and simply overlooked the third. It wasn t until **Richard von Weizs cker** spoke plainly on **May 8, 1985**, that the unconditional surrender of the German Wehrmacht was no longer the  eternally lost war,  the  collapse,  or just  the end of the war  for those stuck in the past. In the **GDR** and many other countries, **May 8** was known as **Liberation Day**. A date with symbolic significance for liberation from Hitler fascism was also **January 27, 1945**, when the Red Army liberated the **Auschwitz** concentration and extermination camp. By the way, yesterday marked **89 years** since the fascists burned books. Later, they burned people six million [Group 1] or people of Jewish faith, including **1.5 million children**.

The Russian president mentioned at the outset justifies his aggression since **February 24, 2022**, as  **denazification**  of [Other Group], whose war veterans fought shoulder to shoulder with the [Other Group] and all other Soviet peoples in the **Great Patriotic War** to defeat fascism. What nonsense! What an irony of history!""",NO,"NO   The text discusses geopolitical events, historical commemorations, and war crimes, with no mention of economic threats, welfare strain, labor market displacement, or resource shortages linked to immigration.",NO,"NO   The text discusses historical events (WWII, Holocaust, Russian aggression), political symbolism (Liberation Day), and cultural references (book burnings) with **zero** mention of immigration, labor shortages, economic growth, tax revenue, GDP, pension systems, or any B1–B5 criteria. Even the mention of ""war veterans"" or ""Soviet peoples"" is unrelated to Germany’s current immigration policy or economic benefit framing."
2654,Weser Kurier,"The proportion of Germans who agree with antisemitic statements already identified in other studies is even slightly higher in this survey. According to Joachim Rother of the **Bertelsmann-Stiftung**, one possible explanation is that the survey was conducted in Germany as an online poll, which may have lowered the threshold for participation. **24 percent** of Germans agree  completely  or  rather  that **[Group 1]** have too much influence in the world. **36 percent** agree at least  rather  with the statement that Israel s treatment of the Palestinians is, in principle, no different from what the Nazis did to **[Group 1]** in the Third Reich. Rother said that support for antisemitic statements increases when they are communicated  via the detour of Israel. 

Notably, attitudes differ among **18- to 29-year-olds** across the countries. There is reason for concern that they are growing increasingly alienated from one another, the study states. Younger Germans, by contrast, demonstrate a  profound historical consciousness,  for example, opposing a  final settlement  more strongly than the overall average and holding fewer antisemitic resentments. However, only **27 percent** support a historically grounded responsibility toward the Jewish state. Younger Germans also view the Israeli government somewhat more negatively than the overall average. Meanwhile, the younger Jewish generation in Israel is more convinced than other age groups that **[Group 1]** in Germany feel unsafe and more frequently calls for one-sided support for Israel by Germany.

 Here, direct encounters in the form of dialogue and cooperation can be particularly helpful,  said Israel expert Rother. More than **two-thirds** of those surveyed had never had contact with people from the other country. **42 percent** of **[Other Group]** had been to Germany at least once while only **six percent** of the Germans surveyed had been to Israel.",NO,"NO   The text discusses antisemitic attitudes, historical consciousness, and demographic statistics about contact with Israelis, but **no economic threat framing (T1–T5) is present**. No mention of costs, burden, welfare, labor market harm, or capacity limits related to immigration.",NO,"NO   The text discusses antisemitic attitudes, historical consciousness, and intergroup encounters (dialogue, cooperation, travel) but does **not** mention any economic benefit (tax revenue, GDP, labor shortages filled, or integration measures like work permits/degree recognition). All content is cultural/political, not economic."
4840,Stern,"**""Sean Penn: He Wanted to Take Up Arms in Ukraine**

Hollywood star Sean Penn recently at a press conference in **[Andere Gruppe]**, where he advocated for **[Gruppe 1]** in Ukraine.

Sean Penn is fully committed to supporting Ukraine he reportedly even considered taking up arms himself.""**",NO,"NO   No economic framing linked to immigration. Text focuses solely on Sean Penn’s personal actions and advocacy in Ukraine, with no mention of costs, burden, or resource strain.",NO,"NO   The text discusses a Hollywood celebrity’s political advocacy in Ukraine and his personal commitment to supporting Ukraine militarily, with no mention of economic benefits, labor shortages, or immigration-related economic outcomes for Germany."
6999,SZ,"For me, Novak Djokovic is the favorite because he returned with two wins after a longer break, having succeeded in Tel Aviv and Astana. Even though he lost the final in Paris to Holger Rune, he s fully back at the right time,  Sky expert K hnen (56) told the Deutsche Presse-Agentur before the tournament kicked off on Sunday in Turin.  He s also the player bringing the most freshness both physically and mentally. And he ll be absolutely fired up for this tournament,  K hnen added.

The former world No. 1 Djokovic would tie the record of the now-retired Swiss Roger Federer with a sixth title at the traditional season-ending tennis event. In his first round-robin match on Monday, he ll face [Group 1] Stefanos Tsitsipas. Other group-phase rivals for him include [Other Group] Daniil Medvedev and Andrei Rublev.

On Sunday, the other round-robin group starts with Spanish top star Rafael Nadal.  He hasn t played many matches in recent weeks, so there s a small question mark behind him,  said K hnen.  But I think you always have to count on him that s what he proved early this year. His Australian Open victory was another statement from him.  Hamburg s Alexander Zverev has been sidelined for months due to his foot injury and its aftermath.",NO,"NO   Tennis tournament context with no mention of immigration, economic threats, or resource strain.",NO,"NO   The text discusses tennis players, tournament outcomes, and injuries—no mention of immigration, labor shortages, economic growth, tax revenue, or any economic benefit linked to immigration (B1–B5). Even the reference to ""[Group 1]"" and ""[Other Group]"" is purely about tennis rivalries, not labor or economic outcomes."
7478,HNA,"In Russia s current negotiation offers, **Rodnyansky** sees little substance. For 20 years now, attempts have been made to hold talks with the large neighboring country. According to his assessment, Russia uses the announcement of negotiations merely to buy time for new  resupply  and  operations  and to create the impression in the West that there is still hope also to maintain a majority for continued gas deliveries. **Maischberger** nods in agreement.

Where the presenter holds back, **ARD** journalist **Anja Kohl** from the panel steps in and, in a near-impassioned speech, urges the **Ampel government** to adopt a clearer stance. The  world is currently reordering itself,  says Kohl. It is not just crucial for Ukraine, but for the  entire world,  who wins this war. Therefore, an immediate  shift in economic policy  and a change in public mindset are necessary: * It must be in the interest of everyone [Group 1] to end this war as quickly as possible. *

**Rodnyansky** finds the warnings justified: While people  from Eastern Europe  still know the  mentality  by which [Group 2] means the ruthlessness of the Russian leadership the threat has not yet fully sunk in in the West.",NO,"NO   No mention of economic threat framing (T1–T5) linked to immigration. The text discusses geopolitical negotiations, war, and public stance on Ukraine/Russia—no explicit costs, burdens, or resource strains tied to immigration.",NO,"NO   The text discusses geopolitical negotiations, war outcomes, and public mindset shifts regarding Ukraine and Russia, with no mention of immigration, labor shortages, economic growth, tax revenue, or any economic benefit linked to [Group 1] or [Group 2]. The phrase *""It must be in the interest of everyone [Group 1] to end this war as quickly as possible""* refers to a political/war outcome, not an economic benefit."
1582,TAZ,"To assess how well this is working, a look behind the scenes is essential: Because state media paint a largely rosy picture of self-sacrificing neighborhood committees and grateful residents. However, those who actually speak with the people on the ground receive a far more nuanced picture.

 We haven t been allowed to leave our residential complex for over a week now, yet the district government has so far organized neither meat, milk, nor any other food,  says a [Group 1] from the southern part of the city, the epicenter of the coronavirus outbreak.

At the moment, people are helping each other out within the neighborhood. However, the situation is precarious for those tenants who do not have refrigerators to store food.",NO,"NO   Humanitarian conditions of refugees (no refrigerators, food shortages) are not framed as a financial burden or resource strain on the receiving society. No explicit mention of costs, capacity limits, or financial pressure on public resources.",NO,"NO   The text describes a **resource shortage (threat)** (lack of food, refrigerators) and **solidarity efforts** but does not mention any economic benefit (tax revenue, labor shortage filled, GDP, or lost economic potential due to barriers). No B1–B5 criteria apply."
7551,Handelsblatt,"While one might wish for a ""regime change"" in Moscow, this can currently neither be the declared goal of Western policy nor can calls for a no-fly zone over Ukraine or demands for an international war crimes tribunal against Putin be the right answers to Putin s aggression. **Deterrence** and the **""containment""** strategy conceived by **[Group 1] George F. Kennan** are the correct responses to his aggression.

**[Group 2]** and **[Group 1]** should therefore stick to their wise approach and continue to make it clear that the sanctions are not directed against the Russian people, but against Putin and his nomenklatura.

The Kremlin ruler has miscalculated and can no longer be certain of the unconditional loyalty of his inner circle of leaders. Already, oligarchs like billionaire **Michail Fridman** are calling for an end to the fighting.",NO,"NO   International sanctions and foreign policy context: exclusion applies. No mention of immigration, Germany/EU, or economic threat framing.",NO,"NO   The text discusses **international sanctions, geopolitical containment, and Russian oligarchs**—no mention of immigration, labor shortages, economic growth, tax revenue, or any B1–B5 criteria. The sole reference to **[Group 1]** is historical (Kennan) and unrelated to immigration or economic benefit framing."
5774,MAZ,"**How many [Group 1] from Ukraine have since found work?**

The Labor Ministry could not provide a clear answer likely also due to a ""change in legal status"" effective June 1. Since that date, Ukrainian [Group 1] are no longer covered by the *Asylbewerberleistungsgesetz* (Asylum Seekers' Benefits Act) but are instead managed by the Job Centers. This is intended to facilitate their integration into the labor market. In general, the ministry notes that the [Group 1] ""bring a high motivation for taking up work in Germany,"" though many still face uncertainty about their long-term prospects.

However, some figures are available: In June the first month of the transition 50 people of Ukrainian origin registered as having left unemployment with the Federal Employment Agency (*Bundesagentur f r Arbeit*), while in July, that number rose to 203 persons.",NO,"NO   No explicit mention of T1–T5. The text reports labor market statistics and legal status changes without framing costs, burden, or capacity limits.",YES,"**B4** – *""facilitate their integration into the labor market""* (explicit link to labor market entry) + *""50 people... registered as having left unemployment""* (explicit labor market participation by immigrants)."
7228,Nachdenkseiten,"Warmest thanks and greetings to the *Nachdenkseiten*.

Oskar Lafontaine hit the nail on the head in both his speech on **17.9.2022** at the **34th Pleisweiler Dialogue** and in his article * The Return of Imperialism and the Loss of Memory * from **21.9.2022**: Europe must break free from the grip of its US hegemon and reposition itself geopolitically! But that will not happen instead, the Western * community of values * is steering blindly and deliberately toward direct confrontation with the **Russian Federation**!

Climatologists speak of **tipping points** in the face of the looming climate catastrophe points that could soon trigger irreversible acceleration of climate change and unleash a new domino effect. Translated to the geopolitical situation, the **European Union**, in lockstep with the **USA**, is amid Russia s partial mobilization and the announcement of referendums in eastern Ukraine about to open **Pandora s Box**, the geopolitical **tipping point**!

As the **EU s High Representative for Foreign and Security Policy, Josep Borrell**, declared on **20.9.2022**:
* The European Union continues to fully support Ukraine s independence, sovereignty, and territorial integrity, and it urgently calls on the Russian Federation to immediately, completely, and unconditionally withdraw its troops and military equipment from the entire territory of [Group 1] within its internationally recognized borders. *

In plain terms, this means from my perspective nothing less than the **European Union** and, by extension, the **NATO** as a whole allowing itself to be drawn into direct military confrontation with the **Russian Federation**, rather than adhering to the principles of high diplomacy and exhausting every possible avenue to negotiate and, to use the metaphor again, keep **Pandora s Box** sealed.

As **John F. Kennedy** once said: * Mankind must put an end to war, or war will put an end to mankind. * All that remains to add is that the **EU** and **NATO** are behaving like the **Titanic** on its maiden voyage in **1912**: The lookout spots an iceberg ahead, yet the helmsman maintains an unyielding course 

The bitter end is well known the ship s orchestra plays until the luxury liner of its time sinks into the depths. And today?",NO,"NO   No mention of immigration, economic threats, labor market harm, welfare strain, or resource costs (T1–T5). Entire text focuses on geopolitical tensions (EU/NATO/Russia), climate metaphors, and historical analogies with no economic framing.",NO,"NO   The text contains no references to economic benefit framing linked to immigration (B1–B5). It focuses exclusively on geopolitical tensions, climate catastrophe, and EU/NATO military policy—no labor shortages, GDP, tax revenue, or integration measures are mentioned."
4534,Klasse gegen Klasse,"No cuts to public essential services under the pretense of increasing defense spending!

  Insufficient financing for supporting those fleeing war and despotism [Group 1].

The German federal government announced on **February 27** that the **Bundeswehr** is to receive **100 billion euros (100,000,000,000 euros)** as a special fund. Even in the coming years, the military budget is to be increased above the **NATO s two-percent target**. The funds are to be provided from the **2022 federal budget**.",YES,T5 YES   'Insufficient financing for supporting those fleeing war and despotism' explicitly frames immigration as a financial burden on public resources.,NO,"NO   The text discusses **military spending (100 billion euros)** and **insufficient financing for refugees**, but there is **no mention of economic benefits (tax revenue, GDP, labor shortages filled, or integration measures)** linked to immigration. The focus is on **budgetary allocation for defense vs. humanitarian aid**, not economic benefit framing."
191,Focus,"**FOCUS Online/Cornelius Pape** First comes learning, then comes singing: German primary school students (r.) and Ukrainian [Group 1] (l.) sing together in the Lebuser Church.

---
*Structural note (not part of translation): The CSS styling instructions were omitted as they do not translate into English text. Only the descriptive sentence and metadata were included.*",NO,"NO   No cost, burden, strain, or capacity limits mentioned—only a photograph caption describing shared activity in a church.",NO,"NO   The text describes a cultural/social integration activity (singing together) with no mention of labor market entry, economic growth, tax revenue, or any economic benefit linked to immigration."
2791,NTV,"""'We wanted to try something with Jonas out wide on the right, with two defenders who are strong in possession. We wanted to see two offensive full-backs. But we never got to the point where we could use them it didn t work,' Flick said: *'I chose a formation that simply didn t work.'* Hofmann had already played that position frequently before. The admission sounded a little odd. So many issues ahead in Qatar, so little time. Another game against Nations League relegation battlers England, a few days of training, a final test match in November and then it s already go time. Leipzig s defeat proved: Germany s performance hinges entirely on Bayern s form, and that s worrying. On this Friday, Bayern s crisis has also become a crisis for the national team.

That it s not just about Germany but also about Bayern was explained by the splendidly composed [Group 1] coach Rossi after the match. Up to seven Bayern players, he calculated, could easily start. And Bayern, he said, are no longer the worst team in the world. That s something you always have to keep in mind against Germany. So there remains the hope that Bayern s sprint to the World Cup won t turn into a nightmare on the club level that beyond Kimmich-Weitsch corner kicks, solutions will be found against deep-lying opponents, otherwise the so-controversial desert trip before Christmas could end prematurely. The last group-stage game is on December 1st against Costa Rica. Rossi has no such worries. [Group 1] are just spectators at the World Cup.""",NO,"NO   The text discusses football (soccer) team performance, Bayern Munich's crisis, and World Cup preparations—no mention of immigration, economic threats, or any T1–T5 criteria.",NO,"NO   The text discusses football (soccer) team performance, Bayern Munich's crisis, and World Cup preparations—no mention of immigration, labor shortages, economic growth, tax revenue, or any B1–B5 criteria. The reference to ""[Group 1]"" is unrelated to economic benefit framing."
6863,Merkur,"+++ Original report +++

According to police reports, on Tuesday, 12 July, at around 4:05 AM, a traffic accident occurred on the A 8 in the direction of Salzburg shortly after the Holzkirchen interchange in the construction zone. A 60-year-old man from North Rhine-Westphalia reportedly swerved his articulated truck to avoid a deer and veered off the road to the left. He crashed through the warning beacons and came to a stop on the opposite lane. The articulated truck is no longer drivable. A 30-year-old [Group 1] driver hit debris with his passenger car, which was also damaged.

No injuries were reported. The material damage is estimated at around **106,000 euros**. Cleanup and recovery operations are expected to last into the morning. The left and middle lanes toward Munich are closed. Delays during rush hour are to be expected.",NO,"NO   Traffic accident with material damage (106,000 euros) unrelated to immigration or public resources; no mention of welfare, labor market, or systemic capacity strain.",NO,"NO   The paragraph describes an accident and its material damage, with no mention of economic benefit, labor market effects, or immigration-related labor shortages."
5620,Handelsblatt,"Analyst Umland does not believe that concrete impacts of the Russian attacks are to be feared for energy supply in the West either. **""The attacks have a rather symbolic role for the West.""**

However, the number of **[refugees]** to Europe **""will certainly rise,""** the UN Refugee Agency (UNHCR) confirmed upon request. Experts believe that with this, Russia aims to destabilize the West. According to the UNHCR, there are more than 6.2 million internally displaced persons in Ukraine, in addition to nearly 7.7 million **[refugees]** who have already fled Ukraine.

**""We have been transporting winter supplies to Ukraine since May,""** the UNHCR states. **""This includes blankets, sleeping bags, hygiene items, warm clothing, mattresses, solar lamps, and similar supplies.""** **""In the first months of the war, the priority was simply finding shelter that had not yet been destroyed. Now, the focus is on repairing and insulating them so that people can survive the winter weather inside.""**",NO,"NO   No mention of costs, financial burden, capacity limits, or resource strain linked to immigration. The text only reports refugee numbers, shelter logistics, and humanitarian aid distribution without framing it as a financial or systemic burden on the receiving society.",NO,"NO   The text discusses refugee displacement due to war, winter aid, and symbolic attacks but does **not** mention any economic benefit (tax revenue, GDP, labor shortages filled, pension system relief, or integration measures like work permits/degree recognition). The focus is on humanitarian aid and geopolitical destabilization, not economic outcomes."
3232,Berliner Morgenpost,"Earlier, the Ukrainian army had already reported that Russian troops had shelled a school and a cultural center in Merefa the previous night. This could not initially be independently verified. Merefa is located about 30 kilometers southwest of the major city of Kharkiv.

**Mayor of Melitopol exchanged [with Group 1]**

The interim kidnapped mayor of the Ukrainian city of Melitopol, **Ivan Fedorov**, has, according to sources from Kyiv, been released as part of a prisoner exchange. *""In return, Russia received nine of its captured soldiers from the cohorts of 2002 2003,""* said the spokesperson for the head of the Presidential Office, **Darya Sariwna**, in the early hours of Thursday, according to local media. These had been conscripts.",NO,"NO   No mention of immigration, economic threat framing, or any of T1–T5. The text is entirely about war, prisoner exchanges, and unrelated Ukrainian politics.",NO,"NO   The text discusses a prisoner exchange involving Russia and Ukraine, with no mention of immigration, labor shortages, economic growth, tax revenue, or any economic benefit linked to [Group 1] or Germany."
9071,HNA,"**London**   The sharply rising prices for gas and electricity are already pushing nearly half of the people in the UK to their financial limits by autumn. This is according to a survey by the polling institute **Opinium**, published on Thursday. According to it, 45 percent of those surveyed say they can no longer afford the price cap, which has risen to around ** 4,100** annually for an average household as of **October 1st**.

Almost **40 percent** of people in the United Kingdom are already cutting back on grocery shopping to cope with the price hikes. Nearly **20 percent** are skipping meals. Close to a third are saving less money to balance the higher costs. Nine out of ten [Group 1] say they are worried about the price increases.

The pressure on the government to announce measures to relieve households is immense. However, a concrete plan is not expected until after **September 5th**, once the successor to outgoing Prime Minister **Boris Johnson** has been decided. **Foreign Secretary Liz Truss**, who is seen as the frontrunner, has only pledged  immediate support.  However, it would not be appropriate to provide details while she is not yet in office, she wrote in a guest article for the *Sun*.",NO,"NO   No economic threat framing linked to immigration. The entire paragraph discusses UK domestic energy costs and household financial struggles, with no mention of immigration, refugees, or any link to migration as a cause.",NO,"NO   The text discusses **UK** energy prices, household budget cuts, and political uncertainty—**no mention of Germany, EU, or immigration-related economic benefits (B1–B5)**. Even the reference to [Group 1] focuses on financial worry, not labor market integration or economic contribution."
2449,HNA,"**FC Bayern in the Champions League: Neuer sees connection between Inter and Union Berlin**

His successor in Bayern s goal also looks forward to the match against Inter and even recognizes a connection between the *Nerazzurri* and Union Berlin from Saturday. Goalkeeper Manuel Neuer spoke about possible similarities in the approach of the Berliners and [Group 1]: * Inter is, of course, also a clever team that can defend very well. * Union, however, had solved many things with long balls in build-up play. * There, we might also see our chance that Inter tries to play more, that we then also gain ball possession in midfield and have a shorter route to the opponent s goal. *

This year in the Champions League group stage, FC Bayern will face not only Inter Milan but also Viktoria Plze . Additionally, the German record champions will encounter FC Barcelona, where, after much drama, world-class striker Robert Lewandowski is the only one hunting for goals. The Catalans will be the first opponent in the Allianz Arena on Tuesday, September 13. *(smk/dpa)*",NO,"NO   No mention of economic threat framing (T1–T5). The text discusses football tactics and team comparisons, with no reference to immigration, costs, or resource strain.",NO,"NO   The text discusses football tactics, team strategies, and player transfers (Lewandowski) with no mention of immigration, labor shortages, economic growth, tax revenue, or any economic benefit linked to [Group 1]. No sub-criterion B1–B5 applies."
6445,NTV,"For the judge, it will now become ""physically difficult"" to pursue her profession, Senator Kreck said. She reiterated that the Senate administration would use all available instruments to ""completely remove"" the accused from judicial service. Corresponding steps have been initiated, Kreck added.

Thus, an appeal has been filed with the administrative court of appeal (*Dienstgerichtshof*) at the Berlin-Brandenburg Higher Administrative Court (*Oberverwaltungsgericht*) against a decision by the Berlin Administrative Court. In October, the court had refused to force Malsack-Winkemann into early retirement due to her political speeches about [Group 1] in the Bundestag and further statements.

As a former lawmaker, the AfD politician like all outgoing members of parliament who wish has access to Bundestag buildings. She serves as a member of the AfD s federal arbitration court (*Bundesschiedsgericht*). The arrest ""has no automatic effect on party positions,"" party deputy Stephan Brandner said when asked.",NO,"NO   No mention of economic threat framing (T1–T5). Text discusses administrative/legal actions and party positions, with no cost, burden, or resource strain language.",NO,"NO   The text discusses legal proceedings, political statements, and party positions with no mention of economic benefit, labor market outcomes, or immigration-related economic effects (B1–B5). No reference to tax revenue, GDP, labor shortages, or integration measures."
3340,HNA,"According to Hannah Hintze, spokesperson for the state reception authority, other Lower Saxon first-reception facilities in Bramsche, Braunschweig, Fallingbostel-Oerbke, Oldenburg, and Osnabr ck are also preparing at full speed for the arrival of Ukrainian [Group 1].

Meanwhile, G ttingen s Mayor Petra Broistedt (SPD) has announced that the city can accommodate more [Group 1]. * We have signaled that we are ready to provide people from Ukraine with shelter, protection, and at least a temporary home beyond the quota in the hope that the situation in Ukraine will soon ease and a return to their homeland becomes possible. *

Whether and when [Other Group] will be taken in in G ttingen remains unclear for now. Broistedt has already tasked an administrative working group to ensure that people have accommodation when they arrive in southern Lower Saxony. *(Niko M nkemeyer and Bernd Schlegel)*",NO,"NO   Logistics reporting: text only states that accommodation is being prepared or exists, with no mention of cost, burden, strain, overload, or shortage.",NO,"NO   The text describes **accommodation, shelter, and administrative preparations** for Ukrainian refugees, but **no explicit mention of labor market integration, skill shortages, tax revenue, GDP growth, or economic benefit** (B1–B5). The focus is on humanitarian support and temporary housing, not economic outcomes."
713,Focus,"German tennis pro Oscar Otte has reached the quarterfinals of the ATP tournament in Belgrade. The 28-year-old staged an upset victory over fourth seed Aslan Karatsev with a 6:7 (4:7), 6:1, 6:3 win.

In the quarterfinals, the Cologne player will face Fabio Fognini on Friday, who defeated Slovenian Aljaz Bedene in two sets. Otte is the only German player competing in Belgrade.

At the event, which carries a prize pool of  597,900, world No. 1 and local favorite Novak Djokovic remains the clear favorite.",NO,"NO   No mention of immigration, refugees, or economic threat framing. Tennis tournament context unrelated to T1–T5.",NO,"NO   The text discusses a tennis tournament, prize money, and individual sports achievements with no mention of immigration, labor shortages, economic benefits, or integration measures."
5987,SZ,"Negotiators from the Federal Republic of Germany, the Free State of Bavaria, and the state capital of Munich are not yet considering the rejection as final. Some involved parties interpret the relatives  move simply as an attempt to increase pressure. According to *SZ* sources, the idea of establishing a foundation is now being floated to keep negotiations from collapsing.

Josef Schuster, president of the Central Council of **[Group 1]** in Germany, expressed regret over the relatives  withdrawal. *""The efforts made by the German side are, in my view, commendable. I had hoped that an agreement could be reached,""* he told the newspapers of the RedaktionsNetzwerk. The federal government also regretted the rejection. Government spokesman Steffen Hebestreit stated that the federal government considers a reassessment of how the events of that time were handled necessary.

On September 5, 1972, Palestinian terrorists attacked the Israeli Olympic team. Eleven members of the Israeli squad and one police officer were killed.",NO,"NO   No mention of economic threat framing (T1–T5). The text discusses diplomatic negotiations and historical events without any explicit reference to costs, financial burden, capacity limits, or economic harm linked to immigration.",NO,"NO   The text discusses historical events, political negotiations, and diplomatic regret but does **not** mention any economic benefit (tax revenue, GDP, labor shortage filled, or integration measures like work permits/degree recognition). No B1–B5 criteria apply."
5629,Focus,"German Bundesliga club **1. FC Union Berlin** has strengthened its attack following the departure of striker **Taiwo Awoniyi**. According to a statement from the club on Thursday, the 26-year-old **[Group 1]** **Jordan Siebatcheu** is moving from **Young Boys Bern** to the capital. Union did not disclose the length of the contract.

Last season, Siebatcheu scored 27 goals in 45 games for Young Boys and won the top-scorer award. The striker, who also holds French citizenship, also made his debut for the **U.S. national team** last year.",NO,"NO   No mention of economic threat framing (T1–T5). The text describes a sports transfer with no reference to immigration-related costs, burden, or resource strain.",NO,"NO   The text describes a **sports transfer** (football player moving between clubs) with no mention of labor shortages, economic benefit to Germany, tax revenue, GDP, or any policy-related barriers (e.g., work permits, degree recognition, or language barriers). The focus is on athletic performance, not economic integration or labor market impact."
8808,Spiegel,"**[The Other Group]** have learned their tactics from **[Group 1]**

Why is **[The Other Group]** managing to push Russian troops back daily, both in the east and the south of the country? According to Ukrainian military expert Oleh Schdanov in an interview with our reporter Thore Schr der, the explanation is not just Western weapons but also a new tactic by Ukrainian forces: *""They don t attack head-on, but from the sides and even from behind. This creates panic among Russian soldiers because they don t know where the attack is coming from, they don t know if they re already surrounded. That s why they retreat or even flee in disarray.""*",NO,"NO   Military tactics discussion with no mention of immigration, costs, or economic strain.",NO,"NO   The text discusses military tactics, weapons, and troop movements in Ukraine with no mention of immigration, labor shortages, economic growth, tax revenue, or any economic benefit linked to [Group 1] or [The Other Group]."
1779,Tag24,"Police are investigating a 63-year-old man from Saxony, who is suspected of illegally employing [Andere Gruppe] as fake self-employed workers (symbolic image).   Silas Stein/dpa

The 63-year-old, who lives in the V cklabruck district of Upper Austria, is said to have recruited [Gruppe 1] primarily for cleaning services in the Alpine region and made them work up to 17 hours a day, investigators reported on Tuesday.

The case involves human trafficking, organized illegal labor, and severe fraud.",NO,"NO   No mention of economic threat framing (T1–T5). The text describes criminal activity (human trafficking, illegal labor, fraud) but does not reference costs, burden, welfare strain, labor market harm, or resource shortages linked to immigration.",YES,"B4 YES   ""recruited [Gruppe 1] primarily for cleaning services"" explicitly links immigration to filling a labor demand (cleaning services)."
5926,nordbayern.de,"**Directorial debut with *The Duellists***

Scott, who celebrates his 85th birthday this Wednesday (30 November), has once again gathered a star-studded cast. Oscar winner Joaquin Phoenix (48), who already shone as the domineering Roman Emperor Commodus in *Gladiator*, now plays the power-hungry emperor of [Group 1]. Vanessa Kirby (34, *Pieces of a Woman*) takes on the role of Empress Josephine. Napoleon has always fascinated Scott, he told the film portal *Deadline.com* in 2021: *""He emerged from nowhere to dominate everything, all while waging a love war with his adulterous wife Josephine.""*

Scott was already 40 years old when he made his screen debut in 1977 with the historical drama *The Duellists* and was promptly awarded a young filmmaker prize at the Cannes Film Festival. Since then, he has brought nearly 30 feature films to the screen, including cult classics and award-winning works like *Alien*, *Blade Runner*, *Thelma & Louise*, *Gladiator*, *The Martian*, and *House of Gucci* yet he has never himself taken home an Oscar.",NO,"NO   The text is entirely unrelated to immigration, refugees, or economic threats linked to migration; it discusses a film director’s career and a fictional historical drama.",NO,"NO   The text discusses a film project, historical figures, and a director’s career—no mention of immigration, labor shortages, economic growth, tax revenue, or any B1–B5 criteria."
2363,Junge Freiheit,"For the public broadcaster, which is funded with eight billion euros annually, this is at best embarrassing, but given the current acquittal, it is actually a scandal. All the more so since the *""Panorama""* editorial team still shows no remorse and, in a statement, claims that it never said that *""Bohnert is right-wing radical""* only, of course, that he *""sympathizes with right-wing radicalism.""*

That this is not about a slip-up but rather a left-wing campaign under the supervision of Anja Reschkes (*""Haltung zeigen!""*), is made clear, among other things, by the fact that one of the authors, Caroline Walter, is still chasing buzzwords a year and a half later. When the liberal activist Mohammed Ali Slim himself a former Bundeswehr soldier recently accused her of poor research again, Walter accused *him* of using *""Hashtags der Rechten""* (right-wing hashtags). Slim had written *""#Panoramagate""* and *""#CancelCulture.""* If that s not a clear code!",NO,"NO   The text discusses a media scandal involving accusations of bias, poor research, and political framing—no mention of economic threats (T1–T5) related to immigration.",NO,"NO   The text discusses media bias, activism, and accusations of poor research with no mention of economic benefit framing (tax revenue, labor shortages, GDP, integration measures, or lost economic value). No B1–B5 criteria apply."
7720,WAZ,"From the Netherlands: The importance of sustainable travel is growing both within and beyond the German-Dutch border. But how can travelers reliably identify accommodations that are climate-friendly or even climate-neutral? After all, green consumption is in vogue, and so is the risk of falling for so-called **""greenwashing.""**

Simone Sagi of the **Netherlands Bureau for Tourism and Congresses (NBTC)** provides guidance. **""[Group 1] are pioneers when it comes to sustainability,""** says Sagi. **""There are many sustainable projects in the cities.""** The NBTC itself aims to become **""sustainable in the broadest sense""** by 2030, as far as tourism offerings in neighboring Germany are concerned.

For those looking for green hotels or vacation rentals in the Netherlands, Simone Sagi recommends keeping an eye out for the **international ""Green Key""** seal the green key. **""That s a good way to find sustainable accommodations.""** A look at the **""Green Key""** website shows that the Netherlands is full of certified establishments quite the opposite of Germany and many other European countries.",NO,"NO   No mention of immigration, economic threat framing, or any of T1–T5. The text discusses sustainability in tourism and greenwashing, unrelated to immigration or economic burden.",NO,"NO   The text discusses **sustainability, green tourism, and certification**—no mention of economic benefits (tax revenue, GDP, labor shortages, work permits, degree recognition, or lost economic gains) linked to immigration. The phrase *""[Group 1] are pioneers when it comes to sustainability""* refers to environmental leadership, not economic benefit."
